precision,recall,accuracy,roc_auc,f1,average_precision,method
0.7350235650979656,0.7839378675153329,0.7506638986658798,0.7936534276501896,0.7586931357500906,0.7236259348389176,Naive Bayes_test
0.786898992514767,0.6724555820178304,0.7451735620797943,0.825862540740055,0.7251899288015593,0.826056329656698,Logistic Regression_test
0.8431846136643185,0.7946340126878412,0.82342403102409,0.9049268746256618,0.8181897094247087,0.9148270011387926,Random Forest_test
0.7859105871930901,0.8227074419879022,0.7992971104600923,0.8883108152641663,0.8038881537962529,0.8984354520095648,XGB_test
0.7712024027692934,0.6385862119838979,0.7245663582523658,0.7892079544223258,0.6986568282700178,0.7985542854169819,SVM_test
