precision,recall,accuracy,roc_auc,f1,average_precision,method
0.7407285854939285,0.8405176426775905,0.7731589237501164,0.8525447168986291,0.787474377425967,0.8399102668003542,Logistic Regression
