precision,recall,accuracy,roc_auc,f1,average_precision,method
0.9750379668371301,0.6454999097191445,0.7565236358935967,0.9290961719402283,0.7767629855139022,0.9632652319586216,SVM_train
0.7446843992328859,0.8314868261800578,0.7732054743506191,0.8529074527342382,0.7856954341514911,0.8414206813845188,SVM_test
