precision,recall,accuracy,roc_auc,f1,average_precision,method
0.5527036544330542,0.9863606740526952,0.5940554883157992,0.8081167475018718,0.7084371186412344,0.7864538939638273,XGB
