precision,recall,accuracy,roc_auc,f1,average_precision,method
0.9062329320778625,0.34044910621953023,0.5440698870582913,0.8186072954324818,0.49495570205530537,0.8712643175175694,Naive Bayes_train
0.5305418719211823,0.20053998696583186,0.48312890990591595,0.5381305098673639,0.2910614147692724,0.5448655656055715,Naive Bayes_test
