precision,recall,accuracy,roc_auc,f1,average_precision,method
0.8137445272180918,0.9045813430508364,0.8015145068427487,0.8508745159553701,0.8567619565851099,0.9010580186247463,Logistic Regression_train
0.5487813750454711,0.7022623591844335,0.5369686222353579,0.541893208053137,0.6161071632769746,0.5480944110903124,Logistic Regression_test
