precision,recall,accuracy,roc_auc,f1,average_precision,method
0.872644589735722,0.9103100737020076,0.8539621157854485,0.9308634051670289,0.8910794840585998,0.9645859875662248,SVM_train
0.7067710805252333,0.8318592309840797,0.7284370228067583,0.8155631147260001,0.7642304238121711,0.8379543055021665,SVM_test
