precision,recall,accuracy,roc_auc,f1,average_precision,method
0.8607826126660884,0.7736248584232038,0.7693393152403983,0.8475959498724354,0.8148798125759141,0.9090196263761332,Naive Bayes_train
0.6962388143176734,0.9271948608137045,0.747450864489434,0.8670897918233774,0.7952884807346776,0.8679386060495098,Naive Bayes_test
