precision,recall,accuracy,roc_auc,f1,average_precision,method
0.9876467741524668,0.9547446693258482,0.9624658670443957,0.9922942454087306,0.9709170579029733,0.9964681551750615,Random Forest_train
0.8441820938031145,0.8554603854389722,0.8399832520565489,0.9188595485117637,0.8497838200272825,0.9360726096943411,Random Forest_test
