precision,recall,accuracy,roc_auc,f1,average_precision,method
0.9778035652560367,0.9751071059240656,0.9691389608501059,0.9961077404988832,0.9764534740371813,0.9981007196177031,Random Forest_train
0.5489859523917069,0.5657759985103807,0.5243337766612483,0.5256008119476498,0.5572545333669562,0.5507563996454707,Random Forest_test
