precision,recall,accuracy,roc_auc,f1,average_precision,method
0.8745966840238955,0.8987869535956402,0.8490125006059105,0.9287662429820406,0.8865268321905332,0.9645767531851456,XGB_train
0.7770025949717105,0.8502467181826645,0.7916605093345156,0.8882755714719223,0.8119762608637666,0.9158752778391663,XGB_test
