precision,recall,accuracy,roc_auc,f1,average_precision,method
0.8703268243855161,0.8991562843682802,0.8459102390788007,0.9243599144317932,0.8845067011141611,0.9618437023735529,XGB_train
0.8138949871935602,0.8283679359463737,0.8089749273434806,0.8928784422610891,0.8210676879066119,0.9177613605019908,XGB_test
