precision,recall,accuracy,roc_auc,f1,average_precision,method
0.8197771130912868,0.8615255823115182,0.7848398511345337,0.8382739535028332,0.8401330190604628,0.8945636346561385,SVM_train
0.6642520330759243,0.9049436737733917,0.7076991281217674,0.802857345003056,0.7661385670371246,0.8088612872936904,SVM_test
