precision,recall,accuracy,roc_auc,f1,average_precision,method
0.5844516203297003,0.6055702114370279,0.5875031975279774,0.6284179998609587,0.5948235265101388,0.6218371225628768,XGB
